Designator,Comment,Layer,Footprint,Center-X(mm),Center-Y(mm),Rotation,Description
C1,C0603G104K5RACT250,TopLayer,CAPC1608X90,28.829,11.557,270,Multilayer Ceramic Capacitors MLCC - SMD/SMT 50V 0.1uF 0603 X7R 0.1
J2,826926-2,TopLayer,TE_826926-2,23.368,20.193,360,Pin header; pin strips; AMPMODU MOD II; male; PIN: 2; straight
U1,DS2480B,TopLayer,SOIC127P600X175-8N,22.733,11.557,180,1/0 Driver RS232 8-SOIC
J1,CONN DSUB 15 VERTICAL,TopLayer,CONN_1734530-3,18.93,28.829,0,"15 Position D-Sub, High Density Receptacle, Female Sockets Connector"
TX,,TopLayer,TP380X203,16.764,12.573,90,"PC Test Point, Miniature Phosphor Bronze, Silver Plating Surface Mount Mounting Type"
RX,,TopLayer,TP380X203,16.764,9.652,0,"PC Test Point, Miniature Phosphor Bronze, Silver Plating Surface Mount Mounting Type"
P1,282837-2,TopLayer,TE_282837-2,7.62,13.335,270,Connector Terminal Blocks Receptacle 2 Position 5.08mm Solder Straight Thru-Hole 13.5A/Contact
